,,,,,,,,,Description,4536923 -  ALPHA FND,,Assets,,    Securities,    Cash,    Foreign Currency,,    Receivables,,,,        Accrued Gross Income,        Accrued Gross Withholding,        Spot Contracts,        Securities Sold,        Reclaims,    Prepaid Expenses,,Total Assets,,,Liabilities,    Payables,,        Accrued Expenses,,        Accrued Capital Expenses,,,        Spot Contracts,        Income,        Securities Purchased,,Total Liabilities,,Total Net Assets,,Equity,,    Subscriptions,    Net Equalization,    Redemptions,,    Capital Assets,,    Capital Expenses,    Prior Capital Expenses,    Undistributed Income,,        Earned Income,,        Realized Exchange Gain/Loss,,,        Expenses Charged,,        Net Witholding Expensed,,        Unrealized FX Income Receivable,        Unrealized Exchange G/L Income,            Undistributed Income,    Undistributed Gain/Loss,        Realized Gain/Loss,        Realized Exchange Gain/Loss Capital,            Undistributed Gain/Loss,,    Unrealized Market Gain/Loss,,    Unrealized Exchange Gain/Loss,,Total Equity,,Additional Fund Information,Total Capital,Total Amortized Cost,Total Period Income,Total Period Net Income,Shares Outstanding,Net Asset Value,Public Offering Price,Dividend Earning Shares,Yield,,6436946 -  GROWTH FND,,Assets,,    Securities,    Cash,,    Receivables,,,,        Accrued Gross Income,        Securities Sold,,Total Assets,,,Liabilities,    Payables,,        Accrued Expenses,,        Accrued Capital Expenses,,,        Income,,Total Liabilities,,Total Net Assets,,Equity,,    Subscriptions,    Net Equalization,    Redemptions,,    Capital Expenses,,    Prior Capital Expenses,    Undistributed Income,,        Expenses Charged,,            Undistributed Income,,,    Undistributed Gain/Loss,        Realized Gain/Loss,            Undistributed Gain/Loss,,    Unrealized Market Gain/Loss,,Total Equity,,,Additional Fund Information,Total Capital,Total Amortized Cost,Total Period Net Income,Shares Outstanding,Net Asset Value,Public Offering Price,Dividend Earning Shares,Yield,,64400453 -  RETURN FND,,Assets,,    Securities,    Cash,,    Receivables,,,,        Accrued Gross Income,,Total Assets,,,Liabilities,    Payables,,        Accrued Expenses,,        Accrued Capital Expenses,,Total Liabilities,Total Net Assets,,Equity,,    Subscriptions,    Net Equalization,    Redemptions,,    Capital Expenses,,    Prior Capital Expenses,    Undistributed Income,,        Expenses Charged,,            Undistributed Income,,,    Undistributed Gain/Loss,            Undistributed Gain/Loss,,    Unrealized Market Gain/Loss,,Total Equity,,,Additional Fund Information,Total Capital,Total Amortized Cost,Total Period Net Income,Shares Outstanding,Net Asset Value,Public Offering Price,Dividend Earning Shares,Yield,,7540043 -  ABSOLUTE FND,,Assets,,    Securities,    Cash,,    Receivables,,,,        Accrued Gross Income,,Total Assets,,,Liabilities,    Payables,,        Accrued Expenses,,        Accrued Capital Expenses,,,        Income,,Total Liabilities,,Total Net Assets,,Equity,,    Subscriptions,    Net Equalization,    Redemptions,,    Capital Expenses,,    Prior Capital Expenses,    Undistributed Income,        Distributed Adjustment,,        Earned Income,        Expenses Charged,,            Undistributed Income,,,    Undistributed Gain/Loss,        Realized Gain/Loss,            Undistributed Gain/Loss,,    Unrealized Market Gain/Loss,,Total Equity,,,Additional Fund Information,Total Capital,Total Amortized Cost,Total Period Income,Total Period Net Income,Shares Outstanding,Net Asset Value,Public Offering Price,Dividend Earning Shares,Yield,,8645467 -  REAL FND,,Assets,,    Securities,    Cash,,    Receivables,,,,        Accrued Gross Income,,Total Assets,,,Liabilities,    Payables,,        Accrued Expenses,,        Accrued Capital Expenses,,,        Income,,Total Liabilities,,Total Net Assets,,Equity,,    Subscriptions,    Net Equalization,    Redemptions,,    Capital Expenses,,    Prior Capital Expenses,    Undistributed Income,,        Earned Income,        Expenses Charged,,            Undistributed Income,,,    Undistributed Gain/Loss,        Realized Gain/Loss,            Undistributed Gain/Loss,,    Unrealized Market Gain/Loss,,Total Equity,,,Additional Fund Information,Total Capital,Total Amortized Cost,Total Period Income,Total Period Net Income,Shares Outstanding,Net Asset Value,Public Offering Price,Dividend Earning Shares,Yield,,7548755 - EQTY FND,,Assets,,    Securities,    Cash,    Foreign Currency,,    Receivables,,,,        Accrued Gross Income,        Spot Contracts,        Reclaims,    Prepaid Expenses,,Total Assets,,,Liabilities,    Payables,,        Accrued Expenses,,        Accrued Capital Expenses,,,        Spot Contracts,        Income,        Securities Purchased,,Total Liabilities,,Total Net Assets,,Equity,,    Subscriptions,    Net Equalization,    Redemptions,,    Capital Assets,,    Capital Expenses,    Prior Capital Expenses,    Undistributed Income,        Distributed Income,,        Earned Income,,        Realized Exchange Gain/Loss,,,        Expenses Charged,,        Net Witholding Expensed,,        Unrealized FX Income Receivable,        Unrealized Exchange G/L Income,            Undistributed Income,    Undistributed Gain/Loss,        Realized Gain/Loss,        Realized Exchange Gain/Loss Capital,            Undistributed Gain/Loss,,    Unrealized Market Gain/Loss,,    Unrealized Exchange Gain/Loss,,Total Equity,,Additional Fund Information,Total Capital,Total Amortized Cost,Total Period Income,Total Period Net Income,Shares Outstanding,Net Asset Value,Public Offering Price,Dividend Earning Shares,Yield,,7648733 -  FRGN FND,,Assets,,    Cash,    Foreign Currency,,    Receivables,,,,        Reclaims,    Prepaid Expenses,,Total Assets,,,Liabilities,    Payables,,        Accrued Expenses,,        Accrued Capital Expenses,,Total Liabilities,Total Net Assets,,Equity,,    Subscriptions,    Net Equalization,    Redemptions,,    Capital Assets,,    Capital Expenses,    Prior Capital Expenses,    Undistributed Income,,        Expenses Charged,,        Unrealized FX Income Currencies,,        Unrealized FX Income Receivable,            Undistributed Income,    Undistributed Gain/Loss,            Undistributed Gain/Loss,    Unrealized Exchange Gain/Loss,Total Equity,,Additional Fund Information,Total Capital,Total Amortized Cost,Total Period Net Income,,3450034 -  FOCUS FND,,Assets,,    Securities,    Cash,    Foreign Currency,,    Receivables,,,,        Accrued Gross Income,        Spot Contracts,        Securities Sold,        Reclaims,    Prepaid Expenses,,Total Assets,,,Liabilities,    Payables,,        Accrued Expenses,,        Accrued Capital Expenses,,,        Spot Contracts,        Income,        Securities Purchased,,Total Liabilities,,Total Net Assets,,Equity,,    Subscriptions,    Net Equalization,    Redemptions,,    Capital Assets,,    Capital Expenses,    Prior Capital Expenses,    Undistributed Income,,        Earned Income,,        Realized Exchange Gain/Loss,,,        Expenses Charged,,        Net Witholding Expensed,,        Unrealized FX Income Receivable,        Unrealized Exchange G/L Income,            Undistributed Income,    Undistributed Gain/Loss,        Realized Gain/Loss,        Realized Exchange Gain/Loss Capital,            Undistributed Gain/Loss,,    Unrealized Market Gain/Loss,,    Unrealized Exchange Gain/Loss,,Total Equity,,Additional Fund Information,Total Capital,Total Amortized Cost,Total Period Income,Total Period Net Income,Shares Outstanding,Net Asset Value,Public Offering Price,Dividend Earning Shares,Yield,,5651086 -  SUSTAINABLE FND,,Assets,,    Securities,    Cash,    Foreign Currency,,    Receivables,,,,        Accrued Gross Income,        Spot Contracts,        Reclaims,        Unrealized Gain on Forward Contracts,    Prepaid Expenses,,Total Assets,,,Liabilities,    Payables,,        Accrued Expenses,,        Accrued Capital Expenses,,,        Spot Contracts,        Income,        Securities Purchased,,Total Liabilities,,Total Net Assets,,Equity,,    Subscriptions,    Net Equalization,    Redemptions,,    Capital Assets,,    Capital Expenses,    Prior Capital Expenses,    Undistributed Income,,        Earned Income,,        Realized Exchange Gain/Loss,,,        Expenses Charged,,        Net Witholding Expensed,,        Unrealized FX Income Receivable,        Unrealized Exchange G/L Income,            Undistributed Income,    Undistributed Gain/Loss,        Realized Gain/Loss,        Realized Exchange Gain/Loss Capital,            Undistributed Gain/Loss,,    Unrealized Market Gain/Loss,,    Unrealized Exchange Gain/Loss,,Total Equity,,Additional Fund Information,Total Capital,Total Amortized Cost,Total Period Income,Total Period Net Income,Shares Outstanding,Net Asset Value,Public Offering Price,Dividend Earning Shares,Yield,,6451099 -  INCOME FND,,Assets,,    Cash,    Foreign Currency,,    Receivables,,,,        Reclaims,    Prepaid Expenses,,Total Assets,,,Liabilities,    Payables,,        Accrued Expenses,,        Accrued Capital Expenses,,,        Other Payables,,Total Liabilities,,Total Net Assets,,Equity,,    Subscriptions,    Net Equalization,    Redemptions,,    Capital Assets,,    Capital Expenses,    Prior Capital Expenses,    Undistributed Income,,        Earned Income,,        Realized Exchange Gain/Loss,,,        Expenses Charged,,        Net Witholding Expensed,,        Unrealized FX Income Currencies,        Unrealized FX Income Receivable,        Unrealized Exchange G/L Income,            Undistributed Income,    Undistributed Gain/Loss,        Realized Gain/Loss,        Realized Exchange Gain/Loss Capital,            Undistributed Gain/Loss,    Unrealized Exchange Gain/Loss,Total Equity,,Additional Fund Information,Total Capital,Total Amortized Cost,Total Period Income,Total Period Net Income,Shares Outstanding,Net Asset Value,Public Offering Price,Dividend Earning Shares,,7762264 - BOND FUND,,Assets,,    Securities,    Cash,    Foreign Currency,,    Receivables,,,,        Accrued Gross Income,        Spot Contracts,        Securities Sold,        Unrealized Gain on Forward Contracts,        Other Receivables,    Futures App/Dep (Holdings),,    Futures App/Dep (Transactions),,Total Assets,,Liabilities,    Payables,,        Accrued Expenses,,        Accrued Capital Expenses,,,        Spot Contracts,        Income,        Securities Purchased,        Unrealized Loss on Forward Contracts,,        Capital Expense Payable,,,        Other Payables,    Short Securities,,Total Liabilities,,Total Net Assets,,Equity,,    Subscriptions,    Net Equalization,    Redemptions,,    Capital Assets,,    Capital Expenses,    Prior Capital Expenses,    Undistributed Income,,        Earned Income,        Earned Amortization,,        Realized Exchange Gain/Loss,,,        Expenses Charged,,        Unrealized FX Income Receivable,,        Unrealized Exchange G/L Amort,        Unrealized Exchange G/L Income,            Undistributed Income,    Undistributed Gain/Loss,        Realized Gain/Loss,        Realized Exchange Gain/Loss Capital,            Undistributed Gain/Loss,    Unrealized Market Gain/Loss,,    Unrealized Exchange Gain/Loss,,Total Equity,,Additional Fund Information,Total Capital,Total Amortized Cost,Total Period Income,Total Period Net Income,Shares Outstanding,Net Asset Value,Public Offering Price,Dividend Earning Shares,Yield,,6462376 -  GREEN FUND,,Assets,,    Securities,    Cash,,Total Assets,,,Liabilities,    Payables,,        Accrued Expenses,,        Accrued Capital Expenses,,Total Liabilities,Total Net Assets,,Equity,,    Subscriptions,    Net Equalization,    Redemptions,,    Capital Expenses,,    Prior Capital Expenses,    Undistributed Income,,        Expenses Charged,,            Undistributed Income,,,    Undistributed Gain/Loss,            Undistributed Gain/Loss,,    Unrealized Market Gain/Loss,,Total Equity,,,Additional Fund Information,Total Capital,Total Amortized Cost,Total Period Net Income,Shares Outstanding,Net Asset Value,Public Offering Price,Dividend Earning Shares,Yield,,5447143 -  CORE FND,,Assets,,    Securities,    Cash,    Foreign Currency,,    Receivables,,,,        Accrued Gross Income,        Spot Contracts,        Securities Sold,        Reclaims,    Prepaid Expenses,,Total Assets,,,Liabilities,    Payables,,        Accrued Expenses,,        Accrued Capital Expenses,,,        Spot Contracts,        Income,        Securities Purchased,,Total Liabilities,,Total Net Assets,,Equity,,    Subscriptions,    Net Equalization,    Redemptions,,    Capital Expenses,,    Prior Capital Expenses,    Undistributed Income,,        Earned Income,,        Realized Exchange Gain/Loss,,,        Expenses Charged,,        Net Witholding Expensed,,        Unrealized FX Income Receivable,        Unrealized Exchange G/L Income,            Undistributed Income,    Undistributed Gain/Loss,        Realized Gain/Loss,        Realized Exchange Gain/Loss Capital,            Undistributed Gain/Loss,,    Unrealized Market Gain/Loss,,    Unrealized Exchange Gain/Loss,,Total Equity,,Additional Fund Information,Total Capital,Total Amortized Cost,Total Period Income,Total Period Net Income,Shares Outstanding,Net Asset Value,Public Offering Price,Dividend Earning Shares,Yield,,4378144 -  EM FND,,Assets,,    Securities,    Cash,    Foreign Currency,,    Receivables,,,,        Accrued Gross Income,        Accrued Gross Withholding,,        Capital Assets,,,        Capital Shares Sold,        Spot Contracts,        Reclaims,        Other Receivables,    Prepaid Expenses,,Total Assets,,,Liabilities,    Payables,,        Accrued Expenses,,        Accrued Capital Expenses,,,        Spot Contracts,        Income,        Securities Purchased,,Total Liabilities,,Total Net Assets,,Equity,,    Subscriptions,    Net Equalization,    Redemptions,,    Capital Assets,,    Capital Expenses,    Prior Capital Expenses,    Undistributed Income,        Distributed Income,,        Earned Income,,        Realized Exchange Gain/Loss,,,        Expenses Charged,,        Net Witholding Expensed,,        Unrealized FX Income Receivable,        Unrealized Exchange G/L Income,            Undistributed Income,    Undistributed Gain/Loss,        Realized Gain/Loss,        Realized Exchange Gain/Loss Capital,            Undistributed Gain/Loss,,    Unrealized Market Gain/Loss,,    Unrealized Exchange Gain/Loss,,Total Equity,,Additional Fund Information,Total Capital,Total Amortized Cost,Total Period Income,Total Period Net Income,Shares Outstanding,Net Asset Value,Public Offering Price,Dividend Earning Shares,Yield,,3282644 - WEZ FND,,Assets,,    Securities,    Cash,    Foreign Currency,,    Receivables,,,,        Accrued Gross Income,        Spot Contracts,        Securities Sold,        Reclaims,    Prepaid Expenses,,Total Assets,,,Liabilities,    Payables,,        Accrued Expenses,,        Accrued Capital Expenses,,,        Spot Contracts,        Income,        Securities Purchased,,Total Liabilities,,Total Net Assets,,Equity,,    Subscriptions,    Net Equalization,    Redemptions,,    Capital Assets,,    Capital Expenses,    Prior Capital Expenses,    Undistributed Income,        Distributed Income,,        Earned Income,,        Realized Exchange Gain/Loss,,,        Expenses Charged,,        Net Witholding Expensed,,        Unrealized FX Income Receivable,        Unrealized Exchange G/L Income,            Undistributed Income,    Undistributed Gain/Loss,        Realized Gain/Loss,        Realized Exchange Gain/Loss Capital,            Undistributed Gain/Loss,,    Unrealized Market Gain/Loss,,    Unrealized Exchange Gain/Loss,,Total Equity,,Additional Fund Information,Total Capital,Total Amortized Cost,Total Period Income,Total Period Net Income,Shares Outstanding,Net Asset Value,Public Offering Price,Dividend Earning Shares,Yield,,,,,
My Report Library,,,01 Jan 23 - 30 Mar 23,,,u,,,,,,,,,,,,,,,,,,,,,,,,,,,,,,,,,,,,,,,,,,,,,,,,,,,,,,,,,,,,,,,,,,,,,,,,,,,,,,,,,,,,,,,,,,,,,,,,,,,,,,,,,,,,,,,,,,,,,,,,,,,,,,,,,,,,,,,,,,,,,,,,,,,,,,,,,,,,,,,,,,,,,,,,,,,,,,,,,,,,,,,,,,,,,,,,,,,,,,,,,,,,,,,,,,,,,,,,,,,,,,,,,,,,,,,,,,,,,,,,,,,,,,,,,,,,,,,,,,,,,,,,,,,,,,,,,,,,,,,,,,,,,,,,,,,,,,,,,,,,,,,,,,,,,,,,,,,,,,,,,,,,,,,,,,,,,,,,,,,,,,,,,,,,,,,,,,,,,,,,,,,,,,,,,,,,,,,,,,,,,,,,,,,,,,,,,,,,,,,,,,,,,,,,,,,,,,,,,,,,,,,,,,,,,,,,,,,,,,,,,,,,,,,,,,,,,,,,,,,,,,,,,,,,,,,,,,,,,,,,,,,,,,,,,,,,,,,,,,,,,,,,,,,,,,,,,,,,,,,,,,,,,,,,,,,,,,,,,,,,,,,,,,,,,,,,,,,,,,,,,,,,,,,,,,,,,,,,,,,,,,,,,,,,,,,,,,,,,,,,,,,,,,,,,,,,,,,,,,,,,,,,,,,,,,,,,,,,,,,,,,,,,,,,,,,,,,,,,,,,,,,,,,,,,,,,,,,,,,,,,,,,,,,,,,,,,,,,,,,,,,,,,,,,,,,,,,,,,,,,,,,,,,,,,,,,,,,,,,,,,,,,,,,,,,,,,,,,,,,,,,,,,,,,,,,,,,,,,,,,,,,,,,,,,,,,,,,,,,,,,,,,,,,,,,,,,,,,,,,,,,,,,,,,,,,,,,,,,,,,,,,,,,,,,,,,,,,,,,,,,,,,,,,,,,,,,,,,,,,,,,,,,,,,,,,,,,,,,,,,,,,,,,,,,,,,,,,,,,,,,,,,,,,,,,,,,,,,,,,,,,,,,,,,,,,,,,,,,,,,,,,,,,,,,,,,,,,,,,,,,,,,,,,,,,,,,,,,,,,,,,,,,,,,,,,,,,,,,,,,,,,,,,,,,,,,,,,,,,,,,,,,,,,,,,,,,,,,,,,,,,,,,,,,,,,,,,,,,,,,,,,,,,,,,,,,,,,,,,,,,,,,,,,,,,,,,,,,,,,,,,,,,,,,,,,
,,,,,,,,,,,,,,,,,,,,,,,,,,,,,,,,,,,,,,,,,,,,,,,,,,,,,,,,,,,,,,,,,,,,,,,,,,,,,,,,,,,,,,,,,,,,,,,,,,,,,,,,,,,,,,,,,,,,,,,,,,,,,,,,,,,,,,,,,,,,,,,,,,,,,,,,,,,,,,,,,,,,,,,,,,,,,,,,,,,,,,,,,,,,,,,,,,,,,,,,,,,,,,,,,,,,,,,,,,,,,,,,,,,,,,,,,,,,,,,,,,,,,,,,,,,,,,,,,,,,,,,,,,,,,,,,,,,,,,,,,,,,,,,,,,,,,,,,,,,,,,,,,,,,,,,,,,,,,,,,,,,,,,,,,,,,,,,,,,,,,,,,,,,,,,,,,,,,,,,,,,,,,,,,,,,,,,,,,,,,,,,,,,,,,,,,,,,,,,,,,,,,,,,,,,,,,,,,,,,,,,,,,,,,,,,,,,,,,,,,,,,,,,,,,,,,,,,,,,,,,,,,,,,,,,,,,,,,,,,,,,,,,,,,,,,,,,,,,,,,,,,,,,,,,,,,,,,,,,,,,,,,,,,,,,,,,,,,,,,,,,,,,,,,,,,,,,,,,,,,,,,,,,,,,,,,,,,,,,,,,,,,,,,,,,,,,,,,,,,,,,,,,,,,,,,,,,,,,,,,,,,,,,,,,,,,,,,,,,,,,,,,,,,,,,,,,,,,,,,,,,,,,,,,,,,,,,,,,,,,,,,,,,,,,,,,,,,,,,,,,,,,,,,,,,,,,,,,,,,,,,,,,,,,,,,,,,,,,,,,,,,,,,,,,,,,,,,,,,,,,,,,,,,,,,,,,,,,,,,,,,,,,,,,,,,,,,,,,,,,,,,,,,,,,,,,,,,,,,,,,,,,,,,,,,,,,,,,,,,,,,,,,,,,,,,,,,,,,,,,,,,,,,,,,,,,,,,,,,,,,,,,,,,,,,,,,,,,,,,,,,,,,,,,,,,,,,,,,,,,,,,,,,,,,,,,,,,,,,,,,,,,,,,,,,,,,,,,,,,,,,,,,,,,,,,,,,,,,,,,,,,,,,,,,,,,,,,,,,,,,,,,,,,,,,,,,,,,,,,,,,,,,,,,,,,,,,,,,,,,,,,,,,,,,,,,,,,,,,,,,,,,,,,,,,,,,,,,,,,,,,,,,,,,,,,,,,,,,,,,,,,,,,,,,,,,,,,,,,,,,,,,,,,,,,,,,,,,,
,,,,,,Balance Sheet,,,,,,,,,,,,,,,,,,,,,,,,,,,,,,,,,,,,,,,,,,,,,,,,,,,,,,,,,,,,,,,,,,,,,,,,,,,,,,,,,,,,,,,,,,,,,,,,,,,,,,,,,,,,,,,,,,,,,,,,,,,,,,,,,,,,,,,,,,,,,,,,,,,,,,,,,,,,,,,,,,,,,,,,,,,,,,,,,,,,,,,,,,,,,,,,,,,,,,,,,,,,,,,,,,,,,,,,,,,,,,,,,,,,,,,,,,,,,,,,,,,,,,,,,,,,,,,,,,,,,,,,,,,,,,,,,,,,,,,,,,,,,,,,,,,,,,,,,,,,,,,,,,,,,,,,,,,,,,,,,,,,,,,,,,,,,,,,,,,,,,,,,,,,,,,,,,,,,,,,,,,,,,,,,,,,,,,,,,,,,,,,,,,,,,,,,,,,,,,,,,,,,,,,,,,,,,,,,,,,,,,,,,,,,,,,,,,,,,,,,,,,,,,,,,,,,,,,,,,,,,,,,,,,,,,,,,,,,,,,,,,,,,,,,,,,,,,,,,,,,,,,,,,,,,,,,,,,,,,,,,,,,,,,,,,,,,,,,,,,,,,,,,,,,,,,,,,,,,,,,,,,,,,,,,,,,,,,,,,,,,,,,,,,,,,,,,,,,,,,,,,,,,,,,,,,,,,,,,,,,,,,,,,,,,,,,,,,,,,,,,,,,,,,,,,,,,,,,,,,,,,,,,,,,,,,,,,,,,,,,,,,,,,,,,,,,,,,,,,,,,,,,,,,,,,,,,,,,,,,,,,,,,,,,,,,,,,,,,,,,,,,,,,,,,,,,,,,,,,,,,,,,,,,,,,,,,,,,,,,,,,,,,,,,,,,,,,,,,,,,,,,,,,,,,,,,,,,,,,,,,,,,,,,,,,,,,,,,,,,,,,,,,,,,,,,,,,,,,,,,,,,,,,,,,,,,,,,,,,,,,,,,,,,,,,,,,,,,,,,,,,,,,,,,,,,,,,,,,,,,,,,,,,,,,,,,,,,,,,,,,,,,,,,,,,,,,,,,,,,,,,,,,,,,,,,,,,,,,,,,,,,,,,,,,,,,,,,,,,,,,,,,,,,,,,,,,,,,,,,,,,,,,,,,,,,,,,,,,,,,,,,,,,,,,,,,,,,,,,,,,,,,,,,,,,,,,,,,,,,,,,,,,,,,,,,,,,,,,,,,,,,,,,,,,,,,,,,,,,,,,,,,,,,,,,
,,,,,,,,,,,,,,,,,,,,,,,,,,,,,,,,,,,,,,,,,,,,,,,,,,,,,,,,,,,,,,,,,,,,,,,,,,,,,,,,,,,,,,,,,,,,,,,,,,,,,,,,,,,,,,,,,,,,,,,,,,,,,,,,,,,,,,,,,,,,,,,,,,,,,,,,,,,,,,,,,,,,,,,,,,,,,,,,,,,,,,,,,,,,,,,,,,,,,,,,,,,,,,,,,,,,,,,,,,,,,,,,,,,,,,,,,,,,,,,,,,,,,,,,,,,,,,,,,,,,,,,,,,,,,,,,,,,,,,,,,,,,,,,,,,,,,,,,,,,,,,,,,,,,,,,,,,,,,,,,,,,,,,,,,,,,,,,,,,,,,,,,,,,,,,,,,,,,,,,,,,,,,,,,,,,,,,,,,,,,,,,,,,,,,,,,,,,,,,,,,,,,,,,,,,,,,,,,,,,,,,,,,,,,,,,,,,,,,,,,,,,,,,,,,,,,,,,,,,,,,,,,,,,,,,,,,,,,,,,,,,,,,,,,,,,,,,,,,,,,,,,,,,,,,,,,,,,,,,,,,,,,,,,,,,,,,,,,,,,,,,,,,,,,,,,,,,,,,,,,,,,,,,,,,,,,,,,,,,,,,,,,,,,,,,,,,,,,,,,,,,,,,,,,,,,,,,,,,,,,,,,,,,,,,,,,,,,,,,,,,,,,,,,,,,,,,,,,,,,,,,,,,,,,,,,,,,,,,,,,,,,,,,,,,,,,,,,,,,,,,,,,,,,,,,,,,,,,,,,,,,,,,,,,,,,,,,,,,,,,,,,,,,,,,,,,,,,,,,,,,,,,,,,,,,,,,,,,,,,,,,,,,,,,,,,,,,,,,,,,,,,,,,,,,,,,,,,,,,,,,,,,,,,,,,,,,,,,,,,,,,,,,,,,,,,,,,,,,,,,,,,,,,,,,,,,,,,,,,,,,,,,,,,,,,,,,,,,,,,,,,,,,,,,,,,,,,,,,,,,,,,,,,,,,,,,,,,,,,,,,,,,,,,,,,,,,,,,,,,,,,,,,,,,,,,,,,,,,,,,,,,,,,,,,,,,,,,,,,,,,,,,,,,,,,,,,,,,,,,,,,,,,,,,,,,,,,,,,,,,,,,,,,,,,,,,,,,,,,,,,,,,,,,,,,,,,,,,,,,,,,,,,,,,,,,,,,,,,,,,,,,,,,,,,,,,,,,,,,,,,,,,,,,,,,,,,,,,,*** Generated by Northern Trust on 06 Oct 21   4:57:36AM CT     Report ID: 30000 Detail
,,,,,,,,,2023-01-01 00:00:00,,,,,2298013376.4949694,23112571.233536202,2377397.240878613,0,0,,,0,724895.8324817761,-4687.220658429432,130949.21232198588,10409783.82738785,2151580.5215219967,1138879.9303855952,0,2338054747.072825,,,,,0,-3319497.603508505,0,-626748.521379059,,0,-130735.67711500768,-2004657.1786622521,-8786262.525537252,0,-14867901.506202074,,2323186845.5666227,,,0,1238230787.9337978,302722.5576065236,-386709300.5635354,0,254608.96393505682,0,-38292.03481033858,-1579417.6217499922,-317417.3017644233,0,0,0,0,,,0,0,0,,0,0,0,500336010.24159163,0,0,0,0,1010961660.2906736,0,-38254516.89912158,,2323186845.5666227,,,852078818.891804,1310164287.437832,0,0,877311674.1777459,1.744538238232247,1.7458066161484997,877311674.1777459,-0.19105053535209998,0,0,0,0,0,453040766.0434484,1646239.456994743,0,0,,,0,3188064.6512310077,-3188064.6512310077,0,454687005.50044316,,,,0,0,-503414.21447103604,0,-382.6017548658124,,0,-3837872.7745885802,0,-4341669.5908144815,0,450345335.9096286,,,0,523708337.53812385,968471.2129594309,-126225083.99410117,0,-585.6752980461049,,-2940.037160836497,2214065.3976191133,0,0,0,0,,,-3495593.229989202,0,0,0,53178664.69747554,0,450345335.9096286,,,,398451724.7569821,401508340.8029676,0,365685828.61856014,0.8113118106322379,0.8103177878726999,365685828.61856014,169.9295692714506,0,,,,0,158713227.38579088,596194.4285274501,0,0,,,0,1395911.5205161085,0,160705333.33483443,,,,0,0,-191929.0384172449,0,-220.53819729127238,,-192149.57661453617,160513183.7582199,,,0,270943587.7477353,9450977.696313147,-111614954.08263251,0,-288.9672286947987,,-2446.1912907998035,-6460000.05267692,0,0,0,0,,,-2589784.3131947345,0,0,786091.9211951041,0,160513183.7582199,,,,168779611.36141592,158523329.8931232,0,159313128.54386547,0.6637574410301242,0.6653828989849,159313128.54386547,208.8182351398453,0,,,,0,738738792.7956297,384950.28639329976,0,0,,,0,0,0,739123743.0820229,,,,0,0,-66131.91223389708,0,-351.0652406337261,,0,-3408886.3938685404,0,-3475369.3713430716,,735648373.7106799,,,0,831577869.1398847,1742140.3234353457,-209850393.4967449,0,-196.66346832175478,,-3892.404315718231,-1742908.6166933903,0,0,0,0,0,0,,,7394562.951239161,0,0,0,106531192.47734308,0,735648373.7106799,,,,623469615.9665751,632592550.60468,0,0,566166150.9410955,0.8560056656003971,0.8564334343369999,566166150.9410955,-0.026351797979599998,0,,,,0,147603325.51783162,323639.2379612857,0,0,,,0,1367008.5917982045,0,149293973.34759113,,,,0,0,-23193.14630272474,0,-63.073028464172594,,0,-1310964.0555996052,0,-1334220.274930794,,147959753.07266033,,,0,294517422.37492275,-1285790.4069799762,-163298374.23616323,0,-25.0276201311251,,-2310.2291891240575,2652659.274957343,0,0,0,0,0,,,3985643.6176231466,0,0,0,11390527.705109533,0,147959753.07266033,,,,129933257.73177955,136536437.05068338,0,0,125331171.78096716,0.7777405818468538,0.7773780403981999,125331171.78096716,222.1258931195433,0,,,,0,499644626.583516,8556957.02576662,633294.5385754239,0,0,,,0,343223.1234296335,0,1234098.1205597888,1053285.9768092583,0,511465485.36865675,,,,0,0,-1302413.1870250027,0,-1779.1943441886528,,0,0,-2381524.4924179255,0,0,-3685716.873787117,,507779768.49486965,,,0,654236450.038901,-197662.20146518163,-331767498.48269796,0,129563.6347842185,,-6279.1788900235315,-80286.14148753822,244424.04671953738,0,0,0,0,0,,0,0,0,0,,0,0,0,28001092.05796114,0,0,0,0,168266839.67618597,0,-11046874.95514154,,507779768.49486965,,,322400852.9895221,339934743.9330967,0,0,331642458.384379,1.0086849196976844,1.0079562727197,331642458.384379,2.0620281919037,0,,,,0,104958.26927596903,466.1501303601342,0,0,,,0,56970.58449524875,177.59794248351417,0,162572.60184406143,,,0,0,0,-6203.839099599855,0,-160239.28847990723,,-166443.1275795071,-3870.525735445668,,,0,347317849.2675092,-1514080.1503456852,-318419292.24701047,0,76522.45252905136,,-75.76141919135,-2007950.4155593587,1493279.3651984376,0,0,0,0,,0,0,-26950893.65544166,0,770.6188042164325,-3870.525735445668,,0,27460999.32268211,104958.26927596903,0,0,,,,0,606873861.9302794,15271932.622240292,138383.22581871788,0,0,,,0,600637.3482547601,492367.8240398159,683328.585404149,408828.38180500927,408828.38180500927,0,624878168.2996471,,,,0,0,-1170181.142825572,0,-748.9971539741708,0,0,-491782.1487417699,-1575948.8357626954,-2444713.4753811583,0,-5683374.59986517,,619194793.699782,,,0,478631003.9194933,365068.23691876227,-29981402.500836413,0,18226.767872398417,,5030.979863073313,-22946.8558108579,-174962.2422375441,0,0,0,0,,0,0,0,0,,0,0,0,36869166.73784308,0,0,0,0,153389299.76929462,0,-19903691.112618525,,619194793.699782,,0,449032896.42344815,468756494.78322506,0,0,438128672.9655986,0.9310561659858535,0.9289008787808999,438128672.9655986,7.3455636868135,0,,,,0,625690567.6226301,19435297.673460234,3304.6867533287073,0,0,,,0,134913.26717641065,715194.8067446065,914103.8632950414,0,914103.8632950414,0,647807485.7833549,,,,0,0,-1548716.6044487483,0,-1492.7371242514114,,0,-712445.1020326272,-1639260.3216467854,-1409295.0716739877,0,-5311209.8369264,,642496275.9464284,,,0,488640133.7125733,368237.85094359703,-0.65879494949,0,195262.909786836,,-1818.1225377540172,-16090.447374040728,-372179.8229913149,0,0,0,0,,0,0,0,0,,0,0,0,6380092.151721682,0,0,0,0,160851633.21391782,0,-13548528.624806926,,642496742.1624383,,,489203633.8145088,484274232.08217263,0,0,382201054.20028514,1.1074624142852352,1.1067755151432,382201054.20028514,-0.25034208080619996,0,,0,,0,378085.10280775535,37404.52601823413,0,0,,,0,419907.65269215836,191.30746538240106,0,835588.5889835302,,,,0,0,-19188.193457835638,0,-988726.4038933596,,0,-1470.1272815849145,0,-1009384.7246327801,,-173796.13564924983,,,0,164982532.80391127,-833505.1104280712,-169883389.47812206,0,54468.059648318056,,-990878.5684102526,-27975.602359052442,821209.2363197494,0,0,0,0,,0,0,0,0,,0,0,0,0,5707501.390370311,0,0,0,-3762.4965396282983,-173799.7656094215,,,-5679893.724990549,378085.10280775535,0,0,0.014625247878678,581910.3145852209,10282335.359196164,0.014625247878678,0,,,,0,327529576.4739169,9897212.764983824,689289.8166756496,0,0,,,0,2176427.6977164564,148546443.0664515,17844014.85162425,3561829.488755149,16201.803484353022,55635.23348443049,0,-55635.23348443049,,510260995.9636081,,,0,0,-138565.41556199937,0,-18798.496481363814,0,0,-148322829.54186854,-2139017.3018352226,-25527115.82006067,-10167733.063122053,0,33104.426448024016,,0,-33104.426448024016,133687.26295130874,0,-186180372.37597853,,324080623.58762956,,,0,309072470.29572964,887912.4818856423,-0.65879494949,0,137415.85131488676,,46440.63001288341,-57717.62502822293,-861475.8508803964,0,0,0,0,0,,0,0,0,0,,0,0,0,19952355.432515968,0,0,0,11218618.977462877,0,-16315395.946588805,,324080623.58762956,,,310097797.9701353,326777759.7566143,0,0,296714843.1600322,0.7195551004093516,0.7180864949441,296714843.1600322,5.5404655252109,0,,,,0,764065459.3031359,356312.75322079775,0,764421772.0563568,,,,0,0,-51639.15460751102,0,-189.00168305918606,,-51828.15629057021,764369943.9000661,,,0,715238638.5795591,664.8229232778334,-13011902.97582422,0,-379.31436806785723,,23123.215218836376,25999930.122491356,0,0,0,0,,,558788.3477531351,0,0,35561081.102312684,0,764369943.9000661,0,0,0,702227400.4266583,728860690.954044,0,706498547.823228,0.7127588004237259,0.7114985454492,706498547.823228,-0.013175898989799999,0,,,,0,350545108.5092193,7814726.934458217,371761.86371150997,0,0,,,0,177984.12808290523,429817.819473993,122944.72851464197,113044.83893401937,113044.83893401937,0,359688433.6613286,,,,0,0,-565553.3879184076,0,-1743.935638491948,0,0,-429979.54704614327,-1475427.8864569657,-542094.7274871899,0,-3014799.4845471983,,356673634.1767814,,,0,429677776.1310172,75891.84741545001,-114188702.27268475,0,-3829.8978509106196,,-17.5502974544136,-79389.07358071668,0,0,0,0,,,0,0,0,,0,0,0,2685752.436011731,0,0,0,0,52154976.03243685,0,-13648823.475685991,,356673634.1767814,,,315564965.7057479,306204859.4112407,0,0,324984115.47436285,0.7230346906338203,0.724674444439,324984115.47436285,-0.052703595959199996,0,,,,0,329336874.6746654,13084.497778507755,8514114.325314984,0,0,,,0,528815.7995552392,-4186.793426847332,0,0,,0,0,0,9702.079809088724,0,12300.25509473587,0,338410704.83879113,,,,0,0,-568691.6894192931,0,-451658.67055979854,,0,0,-1054893.6275365492,0,0,-2075243.987515641,,336335460.85127544,,,0,322167492.63318914,372241.8287719609,-58258357.23599558,0,961796.1575963093,,14952.194636210896,-605789.4146295497,-375536.6072492493,0,0,0,0,0,,0,0,0,0,,0,0,0,-14543968.0043007,0,0,0,0,103084649.19946297,0,-16482019.8936181,,336335460.8578634,,,265243173.38356182,226265309.97298095,0,0,291407079.2357325,0.76036623534755,0.7576141919134999,291407079.2357325,-0.25034208080619996,0,,,,0,289352454.2454857,9174482.035751749,1636.8814591998232,0,0,,,0,71178.61753241473,330423.9892714468,0,310364.7371313955,310364.7371313955,0,299550905.2437633,,,,0,0,-619724.6406781318,0,-6073.970851206891,,0,-329153.60861854727,-773915.4536713775,-651159.2327435826,0,-2380026.906562846,,297170878.33720046,,,0,183973264.9400377,25921.861807613328,-28378.50817426154,0,39978.52352923499,,-4090.5105449793687,-5091.951335648612,-28107.526047687814,0,0,0,0,0,,0,0,0,0,,0,0,0,13813956.009768883,0,0,0,0,110690713.5456761,0,-11307288.047516491,,297170878.33720046,,0,184010786.8172003,187836222.73556137,0,0,173874511.56866568,1.1259538398526923,1.1265393636279,173874511.56866568,-0.25034208080619996,0,0,,,
,,,,,,,,,,,,,,,,,,,,,,,,,,,,,,,,,,,,,,,,,,,,,,,,,,,,,,,,,,,,,,,,,,,,,,,,,,,,,,,,,,,,,,,,,,,,,,,,,,,,,,,,,,,,,,,,,,,,,,,,,,,,,,,,,,,,,,,,,,,,,,,,,,,,,,,,,,,,,,,,,,,,,,,,,,,,,,,,,,,,,,,,,,,,,,,,,,,,,,,,,,,,,,,,,,,,,,,,,,,,,,,,,,,,,,,,,,,,,,,,,,,,,,,,,,,,,,,,,,,,,,,,,,,,,,,,,,,,,,,,,,,,,,,,,,,,,,,,,,,,,,,,,,,,,,,,,,,,,,,,,,,,,,,,,,,,,,,,,,,,,,,,,,,,,,,,,,,,,,,,,,,,,,,,,,,,,,,,,,,,,,,,,,,,,,,,,,,,,,,,,,,,,,,,,,,,,,,,,,,,,,,,,,,,,,,,,,,,,,,,,,,,,,,,,,,,,,,,,,,,,,,,,,,,,,,,,,,,,,,,,,,,,,,,,,,,,,,,,,,,,,,,,,,,,,,,,,,,,,,,,,,,,,,,,,,,,,,,,,,,,,,,,,,,,,,,,,,,,,,,,,,,,,,,,,,,,,,,,,,,,,,,,,,,,,,,,,,,,,,,,,,,,,,,,,,,,,,,,,,,,,,,,,,,,,,,,,,,,,,,,,,,,,,,,,,,,,,,,,,,,,,,,,,,,,,,,,,,,,,,,,,,,,,,,,,,,,,,,,,,,,,,,,,,,,,,,,,,,,,,,,,,,,,,,,,,,,,,,,,,,,,,,,,,,,,,,,,,,,,,,,,,,,,,,,,,,,,,,,,,,,,,,,,,,,,,,,,,,,,,,,,,,,,,,,,,,,,,,,,,,,,,,,,,,,,,,,,,,,,,,,,,,,,,,,,,,,,,,,,,,,,,,,,,,,,,,,,,,,,,,,,,,,,,,,,,,,,,,,,,,,,,,,,,,,,,,,,,,,,,,,,,,,,,,,,,,,,,,,,,,,,,,,,,,,,,,,,,,,,,,,,,,,,,,,,,,,,,,,,,,,,,,,,,,,,,,,,,,,,,,,,,,,,,,,,,,,,,,,,,,,,,,,,,,,,,,,,,,,,,,,,,,,,,,,,,,,,,,,,,,,,,,,,,,,,,,,,,,,,,,,,,,,,,,,,,,,,,,,,,,,,,,,,,,,,,,,,,,,,,,,,,,,,,,,,,,,,,,
,,,,,,,,,,,,,,,,,,,,,,,,,,,,,,,,,,,,,,,,,,,,,,,,,,,,,,,,,,,,,,,,,,,,,,,,,,,,,,,,,,,,,,,,,,,,,,,,,,,,,,,,,,,,,,,,,,,,,,,,,,,,,,,,,,,,,,,,,,,,,,,,,,,,,,,,,,,,,,,,,,,,,,,,,,,,,,,,,,,,,,,,,,,,,,,,,,,,,,,,,,,,,,,,,,,,,,,,,,,,,,,,,,,,,,,,,,,,,,,,,,,,,,,,,,,,,,,,,,,,,,,,,,,,,,,,,,,,,,,,,,,,,,,,,,,,,,,,,,,,,,,,,,,,,,,,,,,,,,,,,,,,,,,,,,,,,,,,,,,,,,,,,,,,,,,,,,,,,,,,,,,,,,,,,,,,,,,,,,,,,,,,,,,,,,,,,,,,,,,,,,,,,,,,,,,,,,,,,,,,,,,,,,,,,,,,,,,,,,,,,,,,,,,,,,,,,,,,,,,,,,,,,,,,,,,,,,,,,,,,,,,,,,,,,,,,,,,,,,,,,,,,,,,,,,,,,,,,,,,,,,,,,,,,,,,,,,,,,,,,,,,,,,,,,,,,,,,,,,,,,,,,,,,,,,,,,,,,,,,,,,,,,,,,,,,,,,,,,,,,,,,,,,,,,,,,,,,,,,,,,,,,,,,,,,,,,,,,,,,,,,,,,,,,,,,,,,,,,,,,,,,,,,,,,,,,,,,,,,,,,,,,,,,,,,,,,,,,,,,,,,,,,,,,,,,,,,,,,,,,,,,,,,,,,,,,,,,,,,,,,,,,,,,,,,,,,,,,,,,,,,,,,,,,,,,,,,,,,,,,,,,,,,,,,,,,,,,,,,,,,,,,,,,,,,,,,,,,,,,,,,,,,,,,,,,,,,,,,,,,,,,,,,,,,,,,,,,,,,,,,,,,,,,,,,,,,,,,,,,,,,,,,,,,,,,,,,,,,,,,,,,,,,,,,,,,,,,,,,,,,,,,,,,,,,,,,,,,,,,,,,,,,,,,,,,,,,,,,,,,,,,,,,,,,,,,,,,,,,,,,,,,,,,,,,,,,,,,,,,,,,,,,,,,,,,,,,,,,,,,,,,,,,,,,,,,,,,,,,,,,,,,,,,,,,,,,,,,,,,,,,,,,,,,,,,,,,,,,,,,,,,,,,,,,,,,,,,,,,,,,,,,,,,,,,,,,,,,,,,,,,,,,,,,,,,,,,,,,
,,,,,,,,,Net Change,,,,,,,,,,,,,,,,,,,,,,,,,,,,,,,,,,,,,,,,,,,,,,,,,,,,,,,,,,,,,,,,,,,,,,,,,,,,,,,,,,,,,,,,,,,,,,,,,,,,,,,,,,,,,,,,,,,,,,,,,,,,,,,,,,,,,,,,,,,,,,,,,,,,,,,,,,,,,,,,,,,,,,,,,,,,,,,,,,,,,,,,,,,,,,,,,,,,,,,,,,,,,,,,,,,,,,,,,,,,,,,,,,,,,,,,,,,,,,,,,,,,,,,,,,,,,,,,,,,,,,,,,,,,,,,,,,,,,,,,,,,,,,,,,,,,,,,,,,,,,,,,,,,,,,,,,,,,,,,,,,,,,,,,,,,,,,,,,,,,,,,,,,,,,,,,,,,,,,,,,,,,,,,,,,,,,,,,,,,,,,,,,,,,,,,,,,,,,,,,,,,,,,,,,,,,,,,,,,,,,,,,,,,,,,,,,,,,,,,,,,,,,,,,,,,,,,,,,,,,,,,,,,,,,,,,,,,,,,,,,,,,,,,,,,,,,,,,,,,,,,,,,,,,,,,,,,,,,,,,,,,,,,,,,,,,,,,,,,,,,,,,,,,,,,,,,,,,,,,,,,,,,,,,,,,,,,,,,,,,,,,,,,,,,,,,,,,,,,,,,,,,,,,,,,,,,,,,,,,,,,,,,,,,,,,,,,,,,,,,,,,,,,,,,,,,,,,,,,,,,,,,,,,,,,,,,,,,,,,,,,,,,,,,,,,,,,,,,,,,,,,,,,,,,,,,,,,,,,,,,,,,,,,,,,,,,,,,,,,,,,,,,,,,,,,,,,,,,,,,,,,,,,,,,,,,,,,,,,,,,,,,,,,,,,,,,,,,,,,,,,,,,,,,,,,,,,,,,,,,,,,,,,,,,,,,,,,,,,,,,,,,,,,,,,,,,,,,,,,,,,,,,,,,,,,,,,,,,,,,,,,,,,,,,,,,,,,,,,,,,,,,,,,,,,,,,,,,,,,,,,,,,,,,,,,,,,,,,,,,,,,,,,,,,,,,,,,,,,,,,,,,,,,,,,,,,,,,,,,,,,,,,,,,,,,,,,,,,,,,,,,,,,,,,,,,,,,,,,,,,,,,,,,,,,,,,,,,,,,,,,,,,,,,,,,,,,,,,,,,,,,,,,,,,,,,,,,,,,,,,,,,,,,,,,,,,,,,,,,,,,,,,,,,,,,,,,,,,,,,,,,,,,,,
,,,,,,,,,,,,,,,,,,,,,,,,,,,,,,,,,,,,,,,,,,,,,,,,,,,,,,,,,,,,,,,,,,,,,,,,,,,,,,,,,,,,,,,,,,,,,,,,,,,,,,,,,,,,,,,,,,,,,,,,,,,,,,,,,,,,,,,,,,,,,,,,,,,,,,,,,,,,,,,,,,,,,,,,,,,,,,,,,,,,,,,,,,,,,,,,,,,,,,,,,,,,,,,,,,,,,,,,,,,,,,,,,,,,,,,,,,,,,,,,,,,,,,,,,,,,,,,,,,,,,,,,,,,,,,,,,,,,,,,,,,,,,,,,,,,,,,,,,,,,,,,,,,,,,,,,,,,,,,,,,,,,,,,,,,,,,,,,,,,,,,,,,,,,,,,,,,,,,,,,,,,,,,,,,,,,,,,,,,,,,,,,,,,,,,,,,,,,,,,,,,,,,,,,,,,,,,,,,,,,,,,,,,,,,,,,,,,,,,,,,,,,,,,,,,,,,,,,,,,,,,,,,,,,,,,,,,,,,,,,,,,,,,,,,,,,,,,,,,,,,,,,,,,,,,,,,,,,,,,,,,,,,,,,,,,,,,,,,,,,,,,,,,,,,,,,,,,,,,,,,,,,,,,,,,,,,,,,,,,,,,,,,,,,,,,,,,,,,,,,,,,,,,,,,,,,,,,,,,,,,,,,,,,,,,,,,,,,,,,,,,,,,,,,,,,,,,,,,,,,,,,,,,,,,,,,,,,,,,,,,,,,,,,,,,,,,,,,,,,,,,,,,,,,,,,,,,,,,,,,,,,,,,,,,,,,,,,,,,,,,,,,,,,,,,,,,,,,,,,,,,,,,,,,,,,,,,,,,,,,,,,,,,,,,,,,,,,,,,,,,,,,,,,,,,,,,,,,,,,,,,,,,,,,,,,,,,,,,,,,,,,,,,,,,,,,,,,,,,,,,,,,,,,,,,,,,,,,,,,,,,,,,,,,,,,,,,,,,,,,,,,,,,,,,,,,,,,,,,,,,,,,,,,,,,,,,,,,,,,,,,,,,,,,,,,,,,,,,,,,,,,,,,,,,,,,,,,,,,,,,,,,,,,,,,,,,,,,,,,,,,,,,,,,,,,,,,,,,,,,,,,,,,,,,,,,,,,,,,,,,,,,,,,,,,,,,,,,,,,,,,,,,,,,,,,,,,,,,,,,,,,,,,,,,,,,,,,,,,,,,,,,,,,,,,,,,,,,,,,,,,,,,,,,,,,,,,,,,
,Account number Multiple Accounts,,,,,,,,,,,,,,,,,,,,,,,,,,,,,,,,,,,,,,,,,,,,,,,,,,,,,,,,,,,,,,,,,,,,,,,,,,,,,,,,,,,,,,,,,,,,,,,,,,,,,,,,,,,,,,,,,,,,,,,,,,,,,,,,,,,,,,,,,,,,,,,,,,,,,,,,,,,,,,,,,,,,,,,,,,,,,,,,,,,,,,,,,,,,,,,,,,,,,,,,,,,,,,,,,,,,,,,,,,,,,,,,,,,,,,,,,,,,,,,,,,,,,,,,,,,,,,,,,,,,,,,,,,,,,,,,,,,,,,,,,,,,,,,,,,,,,,,,,,,,,,,,,,,,,,,,,,,,,,,,,,,,,,,,,,,,,,,,,,,,,,,,,,,,,,,,,,,,,,,,,,,,,,,,,,,,,,,,,,,,,,,,,,,,,,,,,,,,,,,,,,,,,,,,,,,,,,,,,,,,,,,,,,,,,,,,,,,,,,,,,,,,,,,,,,,,,,,,,,,,,,,,,,,,,,,,,,,,,,,,,,,,,,,,,,,,,,,,,,,,,,,,,,,,,,,,,,,,,,,,,,,,,,,,,,,,,,,,,,,,,,,,,,,,,,,,,,,,,,,,,,,,,,,,,,,,,,,,,,,,,,,,,,,,,,,,,,,,,,,,,,,,,,,,,,,,,,,,,,,,,,,,,,,,,,,,,,,,,,,,,,,,,,,,,,,,,,,,,,,,,,,,,,,,,,,,,,,,,,,,,,,,,,,,,,,,,,,,,,,,,,,,,,,,,,,,,,,,,,,,,,,,,,,,,,,,,,,,,,,,,,,,,,,,,,,,,,,,,,,,,,,,,,,,,,,,,,,,,,,,,,,,,,,,,,,,,,,,,,,,,,,,,,,,,,,,,,,,,,,,,,,,,,,,,,,,,,,,,,,,,,,,,,,,,,,,,,,,,,,,,,,,,,,,,,,,,,,,,,,,,,,,,,,,,,,,,,,,,,,,,,,,,,,,,,,,,,,,,,,,,,,,,,,,,,,,,,,,,,,,,,,,,,,,,,,,,,,,,,,,,,,,,,,,,,,,,,,,,,,,,,,,,,,,,,,,,,,,,,,,,,,,,,,,,,,,,,,,,,,,,,,,,,,,,,,,,,,,,,,,,,,,,,,,,,,,,,,,,,,,,,,,,,,,,,,,,,,,,,,,,,,,,,,,,,,,,,,,,,,,,,,,,,,,,,,,,,,,,,,,,,,,,,,,,,,,,,,,
,,,,,,,,,,,,,,,,,,,,,,,,,,,,,,,,,,,,,,,,,,,,,,,,,,,,,,,,,,,,,,,,,,,,,,,,,,,,,,,,,,,,,,,,,,,,,,,,,,,,,,,,,,,,,,,,,,,,,,,,,,,,,,,,,,,,,,,,,,,,,,,,,,,,,,,,,,,,,,,,,,,,,,,,,,,,,,,,,,,,,,,,,,,,,,,,,,,,,,,,,,,,,,,,,,,,,,,,,,,,,,,,,,,,,,,,,,,,,,,,,,,,,,,,,,,,,,,,,,,,,,,,,,,,,,,,,,,,,,,,,,,,,,,,,,,,,,,,,,,,,,,,,,,,,,,,,,,,,,,,,,,,,,,,,,,,,,,,,,,,,,,,,,,,,,,,,,,,,,,,,,,,,,,,,,,,,,,,,,,,,,,,,,,,,,,,,,,,,,,,,,,,,,,,,,,,,,,,,,,,,,,,,,,,,,,,,,,,,,,,,,,,,,,,,,,,,,,,,,,,,,,,,,,,,,,,,,,,,,,,,,,,,,,,,,,,,,,,,,,,,,,,,,,,,,,,,,,,,,,,,,,,,,,,,,,,,,,,,,,,,,,,,,,,,,,,,,,,,,,,,,,,,,,,,,,,,,,,,,,,,,,,,,,,,,,,,,,,,,,,,,,,,,,,,,,,,,,,,,,,,,,,,,,,,,,,,,,,,,,,,,,,,,,,,,,,,,,,,,,,,,,,,,,,,,,,,,,,,,,,,,,,,,,,,,,,,,,,,,,,,,,,,,,,,,,,,,,,,,,,,,,,,,,,,,,,,,,,,,,,,,,,,,,,,,,,,,,,,,,,,,,,,,,,,,,,,,,,,,,,,,,,,,,,,,,,,,,,,,,,,,,,,,,,,,,,,,,,,,,,,,,,,,,,,,,,,,,,,,,,,,,,,,,,,,,,,,,,,,,,,,,,,,,,,,,,,,,,,,,,,,,,,,,,,,,,,,,,,,,,,,,,,,,,,,,,,,,,,,,,,,,,,,,,,,,,,,,,,,,,,,,,,,,,,,,,,,,,,,,,,,,,,,,,,,,,,,,,,,,,,,,,,,,,,,,,,,,,,,,,,,,,,,,,,,,,,,,,,,,,,,,,,,,,,,,,,,,,,,,,,,,,,,,,,,,,,,,,,,,,,,,,,,,,,,,,,,,,,,,,,,,,,,,,,,,,,,,,,,,,,,,,,,,,,,,,,,,,,,,,,,,,,,,,,,,,,,,,,
,,,,,,,,,,,,,,,,,,,,,,,,,,,,,,,,,,,,,,,,,,,,,,,,,,,,,,,,,,,,,,,,,,,,,,,,,,,,,,,,,,,,,,,,,,,,,,,,,,,,,,,,,,,,,,,,,,,,,,,,,,,,,,,,,,,,,,,,,,,,,,,,,,,,,,,,,,,,,,,,,,,,,,,,,,,,,,,,,,,,,,,,,,,,,,,,,,,,,,,,,,,,,,,,,,,,,,,,,,,,,,,,,,,,,,,,,,,,,,,,,,,,,,,,,,,,,,,,,,,,,,,,,,,,,,,,,,,,,,,,,,,,,,,,,,,,,,,,,,,,,,,,,,,,,,,,,,,,,,,,,,,,,,,,,,,,,,,,,,,,,,,,,,,,,,,,,,,,,,,,,,,,,,,,,,,,,,,,,,,,,,,,,,,,,,,,,,,,,,,,,,,,,,,,,,,,,,,,,,,,,,,,,,,,,,,,,,,,,,,,,,,,,,,,,,,,,,,,,,,,,,,,,,,,,,,,,,,,,,,,,,,,,,,,,,,,,,,,,,,,,,,,,,,,,,,,,,,,,,,,,,,,,,,,,,,,,,,,,,,,,,,,,,,,,,,,,,,,,,,,,,,,,,,,,,,,,,,,,,,,,,,,,,,,,,,,,,,,,,,,,,,,,,,,,,,,,,,,,,,,,,,,,,,,,,,,,,,,,,,,,,,,,,,,,,,,,,,,,,,,,,,,,,,,,,,,,,,,,,,,,,,,,,,,,,,,,,,,,,,,,,,,,,,,,,,,,,,,,,,,,,,,,,,,,,,,,,,,,,,,,,,,,,,,,,,,,,,,,,,,,,,,,,,,,,,,,,,,,,,,,,,,,,,,,,,,,,,,,,,,,,,,,,,,,,,,,,,,,,,,,,,,,,,,,,,,,,,,,,,,,,,,,,,,,,,,,,,,,,,,,,,,,,,,,,,,,,,,,,,,,,,,,,,,,,,,,,,,,,,,,,,,,,,,,,,,,,,,,,,,,,,,,,,,,,,,,,,,,,,,,,,,,,,,,,,,,,,,,,,,,,,,,,,,,,,,,,,,,,,,,,,,,,,,,,,,,,,,,,,,,,,,,,,,,,,,,,,,,,,,,,,,,,,,,,,,,,,,,,,,,,,,,,,,,,,,,,,,,,,,,,,,,,,,,,,,,,,,,,,,,,,,,,,,,,,,,,,,,,,,,,,,,,,,,,,,,,,,,,,,,,,,,,,,,,,,,,,,,
,,,,,,,,,,,,,,,,,,,,,,,,,,,,,,,,,,,,,,,,,,,,,,,,,,,,,,,,,,,,,,,,,,,,,,,,,,,,,,,,,,,,,,,,,,,,,,,,,,,,,,,,,,,,,,,,,,,,,,,,,,,,,,,,,,,,,,,,,,,,,,,,,,,,,,,,,,,,,,,,,,,,,,,,,,,,,,,,,,,,,,,,,,,,,,,,,,,,,,,,,,,,,,,,,,,,,,,,,,,,,,,,,,,,,,,,,,,,,,,,,,,,,,,,,,,,,,,,,,,,,,,,,,,,,,,,,,,,,,,,,,,,,,,,,,,,,,,,,,,,,,,,,,,,,,,,,,,,,,,,,,,,,,,,,,,,,,,,,,,,,,,,,,,,,,,,,,,,,,,,,,,,,,,,,,,,,,,,,,,,,,,,,,,,,,,,,,,,,,,,,,,,,,,,,,,,,,,,,,,,,,,,,,,,,,,,,,,,,,,,,,,,,,,,,,,,,,,,,,,,,,,,,,,,,,,,,,,,,,,,,,,,,,,,,,,,,,,,,,,,,,,,,,,,,,,,,,,,,,,,,,,,,,,,,,,,,,,,,,,,,,,,,,,,,,,,,,,,,,,,,,,,,,,,,,,,,,,,,,,,,,,,,,,,,,,,,,,,,,,,,,,,,,,,,,,,,,,,,,,,,,,,,,,,,,,,,,,,,,,,,,,,,,,,,,,,,,,,,,,,,,,,,,,,,,,,,,,,,,,,,,,,,,,,,,,,,,,,,,,,,,,,,,,,,,,,,,,,,,,,,,,,,,,,,,,,,,,,,,,,,,,,,,,,,,,,,,,,,,,,,,,,,,,,,,,,,,,,,,,,,,,,,,,,,,,,,,,,,,,,,,,,,,,,,,,,,,,,,,,,,,,,,,,,,,,,,,,,,,,,,,,,,,,,,,,,,,,,,,,,,,,,,,,,,,,,,,,,,,,,,,,,,,,,,,,,,,,,,,,,,,,,,,,,,,,,,,,,,,,,,,,,,,,,,,,,,,,,,,,,,,,,,,,,,,,,,,,,,,,,,,,,,,,,,,,,,,,,,,,,,,,,,,,,,,,,,,,,,,,,,,,,,,,,,,,,,,,,,,,,,,,,,,,,,,,,,,,,,,,,,,,,,,,,,,,,,,,,,,,,,,,,,,,,,,,,,,,,,,,,,,,,,,,,,,,,,,,,,,,,,,,,,,,,,,,,,,,,,,,,,,,,,,,,,,,,,,,,,
,,,,,,,,,2023-03-30 00:00:00,,,,,1345564413.2277734,7575751.3638566425,1223695.5829003612,0,0,,,0,1714603.5016424959,-3919.703247001885,2750699.6581214075,6273239.905038023,2613801.3825180256,1465763.7142598762,0,1369178048.6328633,,,,,0,-4149040.550812363,0,-392472.6270697193,,0,-2764419.047047398,0,-4316730.800316106,0,-11622663.025245586,,2142071870.1076176,,,0,1476321491.5546176,-651519.9702516194,-1076533774.9834583,0,364897.4296462483,0,-55400.73405714596,-1880826.7445460479,0,0,0,0,0,,,0,0,0,,0,0,6254230.4430054,0,0,0,881109227.5954069,0,874022967.0389404,0,-16879421.52168577,,2142071870.1076176,,,399501094.03055394,1263633682.0526896,0,0,815430284.7178576,2.0608637223280164,2.063278354235,815430284.7178576,4.3854471483549995,0,0,0,0,0,543245029.0421075,2390204.228921337,0,0,,,0,0,0,0,545635233.2710288,,,,0,0,-620093.0557796932,0,-550.24417189861,,0,0,0,-620643.2999515918,0,545014589.9710772,,,0,627346766.7432836,1171075.0105158216,-151092498.22312832,0,-846.9875321607351,,-3501.100941202375,0,0,0,0,2025965.2439605298,,,0,0,-3815500.0959934476,0,69383129.38091236,0,545014589.9710772,,,,477425343.5306711,476252103.8901164,0,437784970.2905855,0.9766733868445258,0.9728004407799999,437784970.2905855,-0.353032418025,0,,,,0,191062717.32394582,843405.9398282229,0,0,,,0,0,0,191906123.26377404,,,,0,0,-225285.8959360582,0,-342.998452188245,,-225628.8943882464,191680494.36938578,,,0,322649272.1630937,11254560.775153672,-132915061.75377099,0,-432.33134427826,,-2913.011694091485,0,0,0,0,-7912165.024003226,,,0,-3084007.378280031,0,1691240.9302310094,0,191680494.36938578,,,,200988771.1844764,190214882.33354303,0,189715746.35884047,0.7926411490329328,0.792361649345,189715746.35884047,-0.36087758287,0,,,,0,867282487.183149,536019.319001656,0,0,,,0,8503323.409433788,0,876321829.9115844,,,,0,0,-86420.35895097906,0,-422.60333987045993,,0,0,0,-86842.96229084952,,876234986.9492935,,,0,993309254.7528886,2074602.732011285,-257742485.86188942,0,-293.652365313195,,-4635.213661525265,0,0,0,0,0,0,6345492.963221351,,,0,0,10120679.306754917,0,122132371.92233372,0,876234986.9492935,,,,737641371.6230104,745686134.5798168,0,0,670514107.7510531,1.0252145048903245,1.027716594695,670514107.7510531,-0.03138065938,0,,,,0,139676438.83007634,2116719.5936236456,0,0,,,0,0,0,141793158.4237,,,,0,0,-25050.497853712484,0,-151.66272678354,,0,0,0,-25202.160580496027,,141767956.2631195,,,0,351590566.91450405,-1839936.035127972,-229497974.19078803,0,-153.42788887366498,,-2751.103182020375,0,0,0,0,0,3128600.2915949463,,,0,0,7998571.497012429,0,10391032.316994946,0,141767956.2631195,,,,120252656.68858807,131402126.10670504,0,0,120448028.11584719,0.9233799895873842,0.92572945171,120448028.11584719,-0.04707098907,0,,,,0,602498181.23871,14828020.135103242,315730.8401428519,0,0,,,0,682574.8042452767,2136889.128027063,1483354.856785336,1309374.9268059058,0,623254125.9298197,,,,0,0,-1634420.0879691162,0,-3241.4730558219453,,0,-2141132.295265789,0,-2310212.802122044,0,-6089006.658412771,,617165119.2714069,,,0,781921791.5541142,-232714.60805042618,-395080550.9096516,0,154288.98985738188,,-9166.047404787805,-95607.59614601321,0,0,0,0,0,0,,0,0,0,0,,0,0,1889838.2265130598,0,0,0,38080066.44009746,0,198053462.84152094,0,-7516289.619443308,,617165119.2714069,,,386762815.0262696,419272738.53229237,0,0,396720046.6309915,1.220448053377279,1.22384571582,396720046.6309915,-0.101987142985,0,,,,0,123723.8432081845,566.209082358185,0,0,,,0,68377.6016660519,211.48995389151,0,192879.14391048608,,,0,0,0,-7387.752508712276,0,-184855.54079108653,,-192243.29329979882,635.85061068725,,,0,413598462.347628,-1803020.5570336704,-379185031.61565995,0,91125.66131522956,,-1865.1800967339047,-2391138.8547899816,0,0,0,0,0,,0,1785512.486958754,0,-32094083.843642745,675.4059318357399,635.85061068725,,0,32701535.836249556,123723.8432081845,0,0,,,,0,749935062.4211015,574976.8307437921,4025582.313505171,0,0,,,0,613571.3780892096,989203.2683412229,3635198.477265762,496699.8862697255,496699.8862697255,0,760766994.4615861,,,,0,0,-1436794.10939169,0,-1821.733573822295,0,0,-988477.6611995441,0,-1757227.082452195,0,-4184320.5866172514,,756582673.8749689,,,0,571845809.2460421,436465.78537739924,-35702921.68837084,0,21705.084208859138,,4601.542214010525,-27325.93300085082,0,0,0,0,0,,0,0,0,0,,0,0,983311.7299814193,0,0,0,59397688.81497019,0,172677112.83376345,0,-13053773.540216856,,756582673.8749689,,0,536601058.42725754,577832926.4180819,0,0,523007262.6883146,1.1348820956392394,1.137548902525,523007262.6883146,13.69765781937,0,,,,0,969077068.9260082,43228663.88417457,1.059097254075,0,0,,,0,407197.3738705967,33410602.757995296,1094962.56271282,1172.28729245866,1094962.56271282,0,1048314631.4138641,,,,0,0,-2031289.529831051,0,-2517.10545018856,,0,-33536397.32461915,0,-35191576.307155505,0,-70761780.2670559,,977552851.1468083,,,0,779755396.847402,464694.3359743267,-0.7845164845,0,389277.55031879066,,-3285.876688844645,-19161.07768841707,0,0,0,0,0,,0,0,0,0,,0,0,64213.3175598423,0,0,0,17333710.470338922,0,183438584.36562532,0,-3870022.814891471,,977553406.3334339,,,780609367.9491786,828867148.4445575,0,0,570516103.3842167,1.34423256324521,1.341523188495,570516103.3842167,-0.34518725318,0,,0,,0,665306.4431821995,111108.3317372041,0,0,,,0,448078.39451008936,1930.8519716514,0,1226424.0214011443,,,,0,0,-14289.87362318936,0,-1176774.72675,,0,-1789.176139715545,0,-1192853.7765129048,,33570.2448882395,,,0,196467074.8302315,-992567.5652978582,-202303189.4696449,0,64862.504950766044,,-1177397.8132774844,-33314.343456160444,0,0,0,0,0,,0,0,0,0,,0,0,0,993098.9183128101,0,0,0,7023851.815104748,-8852.9547209887,33565.9222024099,,,-6763819.699760515,665306.4431821995,0,0,0.0174162659559,727656.7086639394,-1409757.043205597,0.0174162659559,0,,,,0,392563252.4605627,8766665.517503599,1726394.8550110143,0,0,,,0,2816868.9714062293,199059101.15751538,1706185.2553507336,2915510.5203075847,20436.63873089531,-222112.30709164,0,222112.30709164,,609574415.3763882,,,0,0,-208617.3134157109,0,-34376.08453078821,0,0,-199054676.20211688,0,-11935331.442529874,-8353275.955020845,0,39421.92981063046,,0,-39421.92981063046,-1186144.6542987798,0,-220772421.65191287,,388801993.72447526,,,0,370030982.9041024,1064990.4634549154,-0.7845164845,0,163639.68890712646,,74345.44209913793,-68732.2031170459,0,0,0,0,0,0,,0,0,0,0,,0,0,1394762.7365406454,0,0,0,19268311.254011504,8832323.781060088,0,-11958629.558066994,,388801993.72447526,,,371259612.271948,390612340.84173185,0,0,355134177.5796388,0.8588910713865372,0.8551229681050001,355134177.5796388,2.52614308009,0,,,,0,920477785.1727186,381578.14079144597,0,920859363.31351,,,,0,0,-70506.5518952044,0,-231.267614465755,,-70737.81950967015,920788625.4940004,,,0,851731639.338439,791.6948103331749,-15495037.396918686,0,-465.74390135311495,,27535.94806375147,0,0,0,0,30909905.87018346,,,0,665425.062074656,0,52948830.72124913,0,920788625.4940004,0,0,0,836237393.6363307,867910532.592261,0,841323628.0449767,0.8586159100747637,0.8551229681050001,841323628.0449767,-0.01569032969,0,,,,0,425526316.57138926,7702149.914031587,154791.0960977916,0,0,,,0,367673.91193654225,136413.81313870876,0,134349.561984033,134349.561984033,0,434156044.4305619,,,,0,0,-708968.5198430908,0,-3492.32220174082,0,0,-136557.98373306534,0,-354243.4212059687,0,-1203262.2469838657,,432952782.1835781,,,0,512840984.22590595,91325.14032174337,-135979972.7455919,0,-6451.7772717147045,,-20.89951914708,0,0,0,0,0,,,0,0,0,,0,0,608193.6509557643,0,0,0,5316351.184499948,0,60289635.92776036,0,-10207262.523482915,,432952782.1835781,,,376952336.6206358,372938830.55766046,0,0,388029363.470257,0.8753425075891396,0.8786584626400001,388029363.470257,-0.38441307740499997,0,,,,0,445613910.24420816,3931.047355367755,9824717.960369708,0,0,,,0,653555.5473287866,-3786.8139996924297,0,73702.69558855193,,0,66950803.48913778,67072179.39218534,11534.173174569816,51653.24002365667,13812.62086500863,0,590266013.5962373,,,,0,0,-670706.6074871015,0,-537997.3047236962,,0,-67076159.42475,0,-65410157.21356767,0,-133695020.55052847,,456570993.04570884,,,0,451856224.548653,494932.064668718,-69376126.28468117,0,1219043.8080958482,,8894.871436755535,-721395.606144824,0,0,0,0,0,0,,0,0,0,0,,0,0,-149909.54426013332,0,0,0,-19365569.951395962,0,108525454.1979623,0,-15920555.050780602,,456570993.053554,,,384194074.13673645,337092387.0936012,0,0,407693903.32850534,0.8785696004578006,0.8786584626400001,348136164.0110801,-0.321651758645,0,,,,0,334438133.30317986,2512664.7495442014,0.29811626411000003,0,0,,,0,166319.38539872764,0,26083.376566875493,372319.28508654184,372319.28508654184,0,337887839.68297905,,,,0,0,-748615.1979362008,0,-8864.18899704674,,0,0,0,0,0,-757479.3869332476,,337130360.2960458,,,0,220009991.3932654,28547.142741282896,-28290866.38093074,0,64563.57278951216,,-6870.418803338441,-6063.676966832555,0,0,0,0,0,0,,0,0,0,0,,0,0,166804.55392823697,0,0,0,32101702.016488116,0,122000020.85333262,0,-8937468.759798499,,337130360.2960458,,0,191812235.72786546,214950777.19939145,0,0,191401156.33891976,1.3818324299850946,1.38074901272,191401156.33891976,-0.305961428955,0,0,,,
,,,,,,,,,,,,,,,,,,,,,,,,,,,,,,,,,,,,,,,,,,,,,,,,,,,,,,,,,,,,,,,,,,,,,,,,,,,,,,,,,,,,,,,,,,,,,,,,,,,,,,,,,,,,,,,,,,,,,,,,,,,,,,,,,,,,,,,,,,,,,,,,,,,,,,,,,,,,,,,,,,,,,,,,,,,,,,,,,,,,,,,,,,,,,,,,,,,,,,,,,,,,,,,,,,,,,,,,,,,,,,,,,,,,,,,,,,,,,,,,,,,,,,,,,,,,,,,,,,,,,,,,,,,,,,,,,,,,,,,,,,,,,,,,,,,,,,,,,,,,,,,,,,,,,,,,,,,,,,,,,,,,,,,,,,,,,,,,,,,,,,,,,,,,,,,,,,,,,,,,,,,,,,,,,,,,,,,,,,,,,,,,,,,,,,,,,,,,,,,,,,,,,,,,,,,,,,,,,,,,,,,,,,,,,,,,,,,,,,,,,,,,,,,,,,,,,,,,,,,,,,,,,,,,,,,,,,,,,,,,,,,,,,,,,,,,,,,,,,,,,,,,,,,,,,,,,,,,,,,,,,,,,,,,,,,,,,,,,,,,,,,,,,,,,,,,,,,,,,,,,,,,,,,,,,,,,,,,,,,,,,,,,,,,,,,,,,,,,,,,,,,,,,,,,,,,,,,,,,,,,,,,,,,,,,,,,,,,,,,,,,,,,,,,,,,,,,,,,,,,,,,,,,,,,,,,,,,,,,,,,,,,,,,,,,,,,,,,,,,,,,,,,,,,,,,,,,,,,,,,,,,,,,,,,,,,,,,,,,,,,,,,,,,,,,,,,,,,,,,,,,,,,,,,,,,,,,,,,,,,,,,,,,,,,,,,,,,,,,,,,,,,,,,,,,,,,,,,,,,,,,,,,,,,,,,,,,,,,,,,,,,,,,,,,,,,,,,,,,,,,,,,,,,,,,,,,,,,,,,,,,,,,,,,,,,,,,,,,,,,,,,,,,,,,,,,,,,,,,,,,,,,,,,,,,,,,,,,,,,,,,,,,,,,,,,,,,,,,,,,,,,,,,,,,,,,,,,,,,,,,,,,,,,,,,,,,,,,,,,,,,,,,,,,,,,,,,,,,,,,,,,,,,,,,,,,,,,,,,,,,,,,,,,,,,,,,,,,,,,,,,,,,,,,,,,,,,,,,,,,,,,,,,,,,,,,,,,,,,,,,,,,,,,,,,,,,,,,,,,,,,,,,,,,,,,,,,,,,
,,,,,Page 1 of 23,,,,For More Information,,,,,See Investment Positions List,See Analysis of Cash Flow OR Cash and Foreign Currency,See Cash and Foreign Currency,,,,,,See Accrued Gross Income,See Accrued Net Withholding,See Spot Contracts Payable/Receivable,See Securities Purchased Payable/Sold Receivable,See Reclaim Receivable,See Prepaid Expenses,,,,,,,,See Accrued Expenses,,,,,See Spot Contracts Payable/Receivable,See Income Payable,See Securities Purchased Payable/Sold Receivable,,,,,,,,See Change in Redemptions/Subscriptions,See Change in Redemptions/Subscriptions,See Change in Redemptions/Subscriptions,,,,,,,,See Earned Income,,,,,See Expense Summary,,,,,,,,,,,,See Unrealized Market Gain/Loss,,,,,,,,,,,,,,,,,,,,,See Investment Positions List,See Analysis of Cash Flow OR Cash and Foreign Currency,,,,,,See Accrued Gross Income,See Securities Purchased Payable/Sold Receivable,,,,,,,,See Accrued Expenses,,,,,See Income Payable,,,,,,,,See Change in Redemptions/Subscriptions,See Change in Redemptions/Subscriptions,See Change in Redemptions/Subscriptions,,,,,,,See Expense Summary,,,,,,,,,See Unrealized Market Gain/Loss,,,,,,,,,,,,,,,,,,,See Investment Positions List,See Analysis of Cash Flow OR Cash and Foreign Currency,,,,,,See Accrued Gross Income,,,,,,,,See Accrued Expenses,,,,,,,,,See Change in Redemptions/Subscriptions,See Change in Redemptions/Subscriptions,See Change in Redemptions/Subscriptions,,,,,,,See Expense Summary,,,,,,,,See Unrealized Market Gain/Loss,,,,,,,,,,,,,,,,,,,See Investment Positions List,See Analysis of Cash Flow OR Cash and Foreign Currency,,,,,,See Accrued Gross Income,,,,,,,,See Accrued Expenses,,,,,See Income Payable,,,,,,,,See Change in Redemptions/Subscriptions,See Change in Redemptions/Subscriptions,See Change in Redemptions/Subscriptions,,,,,,,,See Earned Income,See Expense Summary,,,,,,,,,See Unrealized Market Gain/Loss,,,,,,,,,,,,,,,,,,,,See Investment Positions List,See Analysis of Cash Flow OR Cash and Foreign Currency,,,,,,See Accrued Gross Income,,,,,,,,See Accrued Expenses,,,,,See Income Payable,,,,,,,,See Change in Redemptions/Subscriptions,See Change in Redemptions/Subscriptions,See Change in Redemptions/Subscriptions,,,,,,,See Earned Income,See Expense Summary,,,,,,,,,See Unrealized Market Gain/Loss,,,,,,,,,,,,,,,,,,,,See Investment Positions List,See Analysis of Cash Flow OR Cash and Foreign Currency,See Cash and Foreign Currency,,,,,,See Accrued Gross Income,See Spot Contracts Payable/Receivable,See Reclaim Receivable,See Prepaid Expenses,,,,,,,,See Accrued Expenses,,,,,See Spot Contracts Payable/Receivable,See Income Payable,See Securities Purchased Payable/Sold Receivable,,,,,,,,See Change in Redemptions/Subscriptions,See Change in Redemptions/Subscriptions,See Change in Redemptions/Subscriptions,,,,,,,,,See Earned Income,,,,,See Expense Summary,,,,,,,,,,,,See Unrealized Market Gain/Loss,,,,,,,,,,,,,,,,,,,,,See Analysis of Cash Flow OR Cash and Foreign Currency,See Cash and Foreign Currency,,,,,,See Reclaim Receivable,See Prepaid Expenses,,,,,,,,See Accrued Expenses,,,,,,,,,See Change in Redemptions/Subscriptions,See Change in Redemptions/Subscriptions,See Change in Redemptions/Subscriptions,,,,,,,,See Expense Summary,,,,,,,,,,,,,,,,,,,,See Investment Positions List,See Analysis of Cash Flow OR Cash and Foreign Currency,See Cash and Foreign Currency,,,,,,See Accrued Gross Income,See Spot Contracts Payable/Receivable,See Securities Purchased Payable/Sold Receivable,See Reclaim Receivable,See Prepaid Expenses,,,,,,,,See Accrued Expenses,,,,,See Spot Contracts Payable/Receivable,See Income Payable,See Securities Purchased Payable/Sold Receivable,,,,,,,,See Change in Redemptions/Subscriptions,See Change in Redemptions/Subscriptions,See Change in Redemptions/Subscriptions,,,,,,,,See Earned Income,,,,,See Expense Summary,,,,,,,,,,,,See Unrealized Market Gain/Loss,,,,,,,,,,,,,,,,,,,,,See Investment Positions List,See Analysis of Cash Flow OR Cash and Foreign Currency,See Cash and Foreign Currency,,,,,,See Accrued Gross Income,See Spot Contracts Payable/Receivable,See Reclaim Receivable,See Unrealized G/L on Currency Contracts,See Prepaid Expenses,,,,,,,,See Accrued Expenses,,,,,See Spot Contracts Payable/Receivable,See Income Payable,See Securities Purchased Payable/Sold Receivable,,,,,,,,See Change in Redemptions/Subscriptions,See Change in Redemptions/Subscriptions,See Change in Redemptions/Subscriptions,,,,,,,,See Earned Income,,,,,See Expense Summary,,,,,,,,,,,,See Unrealized Market Gain/Loss,,,,,,,,,,,,,,,,,,,,,See Analysis of Cash Flow OR Cash and Foreign Currency,See Cash and Foreign Currency,,,,,,See Reclaim Receivable,See Prepaid Expenses,,,,,,,,See Accrued Expenses,,,,,See Other Payables/Receivables,,,,,,,,See Change in Redemptions/Subscriptions,See Change in Redemptions/Subscriptions,See Change in Redemptions/Subscriptions,,,,,,,,See Earned Income,,,,,See Expense Summary,,,,,,,,,,,,,,,,,,,,,,,,,,,,,See Investment Positions List,See Analysis of Cash Flow OR Cash and Foreign Currency,See Cash and Foreign Currency,,,,,,See Accrued Gross Income,See Spot Contracts Payable/Receivable,See Securities Purchased Payable/Sold Receivable,See Unrealized G/L on Currency Contracts,See Other Payables/Receivables,See Futures Appreciation/Depreciation,,,,,,,,,See Accrued Expenses,,,,,See Spot Contracts Payable/Receivable,See Income Payable,See Securities Purchased Payable/Sold Receivable,See Unrealized G/L on Currency Contracts,,,,,See Other Payables/Receivables,See Investment Positions List,,,,,,,,See Change in Redemptions/Subscriptions,See Change in Redemptions/Subscriptions,See Change in Redemptions/Subscriptions,,,,,,,,See Earned Income,See Earned Amortization,,,,,See Expense Summary,,,,,,,,,,,See Unrealized Market Gain/Loss,,,,,,,,,,,,,,,,,,,,,See Investment Positions List,See Analysis of Cash Flow OR Cash and Foreign Currency,,,,,,,,See Accrued Expenses,,,,,,,,,See Change in Redemptions/Subscriptions,See Change in Redemptions/Subscriptions,See Change in Redemptions/Subscriptions,,,,,,,See Expense Summary,,,,,,,,See Unrealized Market Gain/Loss,,,,,,,,,,,,,,,,,,,See Investment Positions List,See Analysis of Cash Flow OR Cash and Foreign Currency,See Cash and Foreign Currency,,,,,,See Accrued Gross Income,See Spot Contracts Payable/Receivable,See Securities Purchased Payable/Sold Receivable,See Reclaim Receivable,See Prepaid Expenses,,,,,,,,See Accrued Expenses,,,,,See Spot Contracts Payable/Receivable,See Income Payable,See Securities Purchased Payable/Sold Receivable,,,,,,,,See Change in Redemptions/Subscriptions,See Change in Redemptions/Subscriptions,See Change in Redemptions/Subscriptions,,,,,,,See Earned Income,,,,,See Expense Summary,,,,,,,,,,,,See Unrealized Market Gain/Loss,,,,,,,,,,,,,,,,,,,,,See Investment Positions List,See Analysis of Cash Flow OR Cash and Foreign Currency,See Cash and Foreign Currency,,,,,,See Accrued Gross Income,See Accrued Net Withholding,,,,,See Capital Shares Payable/Receivable,See Spot Contracts Payable/Receivable,See Reclaim Receivable,See Other Payables/Receivables,See Prepaid Expenses,,,,,,,,See Accrued Expenses,,,,,See Spot Contracts Payable/Receivable,See Income Payable,See Securities Purchased Payable/Sold Receivable,,,,,,,,See Change in Redemptions/Subscriptions,See Change in Redemptions/Subscriptions,See Change in Redemptions/Subscriptions,,,,,,,,,See Earned Income,,,,,See Expense Summary,,,,,,,,,,,,See Unrealized Market Gain/Loss,,,,,,,,,,,,,,,,,,,,,See Investment Positions List,See Analysis of Cash Flow OR Cash and Foreign Currency,See Cash and Foreign Currency,,,,,,See Accrued Gross Income,See Spot Contracts Payable/Receivable,See Securities Purchased Payable/Sold Receivable,See Reclaim Receivable,See Prepaid Expenses,,,,,,,,See Accrued Expenses,,,,,See Spot Contracts Payable/Receivable,See Income Payable,See Securities Purchased Payable/Sold Receivable,,,,,,,,See Change in Redemptions/Subscriptions,See Change in Redemptions/Subscriptions,See Change in Redemptions/Subscriptions,,,,,,,,,See Earned Income,,,,,See Expense Summary,,,,,,,,,,,,See Unrealized Market Gain/Loss,,,,,,,,,,,,,,,,,,,,
